2014-10-01T00:18:44,1403,732,64,9278,Retweet,(517106301500141568)
2014-10-01T00:46:20,2103,64,140,81521,Tweet,(517113249800941568)
2014-10-01T01:14:06,204,178,0,1226,Reply,(517056200504930304)
2014-10-01T01:22:44,307,332,2,4695,Retweet,(517122409296838656)
2014-10-01T01:26:06,264,250,1,14577,Retweet,(517123255300534273)
2014-10-01T02:01:57,566,552,14,28740,Retweet,(517132275579125760)
2014-10-01T02:06:37,494,1337,4,10545,Retweet,(517133449984237568)
2014-10-01T02:39:37,292,243,1,18057,Retweet,(517141755536621568)
2014-10-01T02:54:04,319,266,2,5436,Retweet,(517145394942590976)
2014-10-01T02:55:21,449,382,5,17753,Retweet,(517145714938224640)
2014-10-01T03:24:53,261,2000,5,9099,Retweet,(517153149795061760)
2014-10-01T03:52:22,294,352,0,7078,Retweet,(517160063652618241)
2014-10-01T06:17:28,284,355,0,2478,Retweet,(517196580936372225)
2014-10-01T07:01:33,687,572,1,116074,Retweet,(517207673612169216)
2014-10-01T10:10:09,1,1,0,26943,Tweet,(517255135974916096)
2014-10-01T11:49:34,275,347,3,9195,Tweet,(517280154159431682)
2014-10-01T12:04:19,1183,577,64,9440,Tweet,(517283868609904641)
2014-10-01T12:08:08,1691,278,7,108749,Tweet,(517284826609500160)
2014-10-01T13:28:39,86,293,0,652,Retweet,(517305090130997248)
2014-10-01T13:55:38,236,744,1,1642,Tweet,(517311880277524480)
2014-10-01T14:15:14,708,586,13,9109,Tweet,(517316812770275328)
2014-10-01T14:22:05,341,1199,1,3300,Retweet,(517318538311503873)
2014-10-01T14:36:43,300,158,0,13236,Retweet,(517322220897443840)
2014-10-01T14:49:14,281,372,0,1678,Retweet,(517325370417512449)
2014-10-01T15:47:37,840,613,0,41755,Retweet,(517340063886503937)
2014-10-01T16:10:11,31,43,1,240,Retweet,(517345742974103554)
2014-10-01T16:16:55,115,569,5,8957,Tweet,(517347438752182272)
2014-10-01T16:41:57,17,26,0,358,Retweet,(517353735660765185)
2014-10-01T17:01:18,193,92,0,1004,Retweet,(517358607760105472)
2014-10-01T17:34:22,259,217,2,11961,Reply,(517360615888015360)
2014-10-01T17:40:53,1181,721,2,33059,Retweet,(517368567965421568)
2014-10-01T17:48:12,155,160,0,2160,Retweet,(517370408861835264)
2014-10-01T18:03:25,4218,3387,130,29912,Tweet,(517374239502901248)
2014-10-01T18:15:40,219,209,1,2606,Retweet,(517377322748751872)
2014-10-01T18:38:43,7145,5918,331,159483,Retweet,(517383123475378177)
2014-10-01T18:39:59,300,290,0,6635,Retweet,(517383442217312256)
2014-10-01T19:09:34,27,185,0,62,Retweet,(517390885873790976)
2014-10-01T20:10:35,17,30,1,1063,Tweet,(517406239551397888)
2014-10-01T20:18:52,40,62,0,701,Retweet,(517408324514775041)
2014-10-01T20:24:05,2300,1971,25,40710,Tweet,(517409637348687874)
2014-10-01T20:43:57,476,1995,13,8551,Tweet,(517414638636793857)
2014-10-01T21:45:04,170,259,0,5205,Tweet,(517430019145359361)
2014-10-01T22:12:59,944,119,2,9216,Retweet,(517437043778277376)
2014-10-01T22:24:26,15274,282,184,98255,Retweet,(517439926091386880)
2014-10-01T22:32:48,251,354,0,5732,Tweet,(517442029929132032)
2014-10-01T22:34:53,27898,10987,224,89916,Retweet,(517442554242301952)
2014-10-01T22:34:54,205,182,1,703,Retweet,(517442559250284545)
2014-10-01T22:46:05,480,448,3,18985,Retweet,(517445372793593856)
2014-10-01T23:26:04,1122,730,0,28087,Retweet,(517455435381866496)
2014-10-01T23:39:09,402,1169,4,19235,Retweet,(517458728292196353)
2014-10-01T23:40:43,650,559,0,46025,Retweet,(517459124683288576)
2014-10-02T00:14:23,162,156,1,1008,Retweet,(517467595906498560)
2014-10-02T00:29:42,2746,1795,3,15114,Retweet,(517471448395284480)
2014-10-02T00:56:24,166017,8,63,221,Retweet,(517478170987999232)
2014-10-02T01:15:02,42,500,0,1257,Tweet,(517482856478547968)
2014-10-02T01:27:57,571,242,0,28118,Tweet,(517486109555560448)
2014-10-02T01:32:33,325,268,2,2118,Retweet,(517487265078325249)
2014-10-02T01:48:36,676,254,2,5802,Tweet,(517491304650268672)
2014-10-02T01:53:31,277,540,0,2889,Retweet,(517492541956960256)
2014-10-02T01:59:37,582,514,0,46950,Retweet,(517494079991853056)
2014-10-02T02:08:13,325,728,1,6151,Retweet,(517496241727361024)
2014-10-02T02:14:27,2117,583,29,39164,Retweet,(517497812947587072)
2014-10-02T02:16:59,216,159,0,1382,Retweet,(517498447533182977)
2014-10-02T02:17:11,606,359,3,47252,Reply,(517498006938345472)
2014-10-02T02:23:03,277,225,0,7812,Retweet,(517499976344039424)
2014-10-02T02:25:34,226,155,0,3980,Retweet,(517500607176130561)
2014-10-02T02:31:37,146,285,2,1471,Retweet,(517502129695911937)
2014-10-02T02:50:57,449,154,0,13135,Retweet,(517506998028738560)
2014-10-02T02:53:57,2306,2186,3,78562,Retweet,(517507750910513152)
2014-10-02T02:59:46,451,355,1,11671,Retweet,(517509215129468928)
2014-10-02T03:12:58,195,94,1,14456,Retweet,(517512537022427136)
2014-10-02T03:17:03,1029,783,4,25398,Retweet,(517513565901975552)
2014-10-02T03:19:34,208,202,0,2252,Retweet,(517514196284477441)
2014-10-02T03:21:34,283,293,0,8499,Retweet,(517514702969401345)
2014-10-02T03:41:35,176,94,0,2199,Retweet,(517519740760100864)
2014-10-02T03:43:02,139,109,1,273,Retweet,(517520102732730368)
2014-10-02T03:57:15,660,476,2,4829,Retweet,(517523681728540674)
2014-10-02T04:13:14,530,767,5,17088,Retweet,(517527703650836480)
2014-10-02T04:46:58,188,147,2,3222,Retweet,(517536192494309376)
2014-10-02T04:52:24,200,235,1,13361,Retweet,(517537559854198784)
2014-10-02T05:14:15,118,138,0,3968,Retweet,(517543060683882496)
2014-10-02T05:41:25,1328,2000,3,30645,Retweet,(517549896979996672)
2014-10-02T06:07:28,80,39,1,4278,Retweet,(517556451804708864)
2014-10-02T06:50:09,392,260,1,4845,Retweet,(517567192578404353)
2014-10-02T08:49:07,25386,706,173,5537,Tweet,(517597131943587840)
2014-10-02T10:14:49,20,41,0,346,Retweet,(517618699071533056)
2014-10-02T10:44:56,1786,1821,1,45749,Retweet,(517626278602878976)
2014-10-02T10:52:37,286,379,12,126551,Tweet,(517628213409759232)
2014-10-02T10:59:09,283,425,36,24625,Retweet,(517629855911788544)
2014-10-02T11:10:10,681,511,0,7356,Retweet,(517632629173407744)
2014-10-02T12:11:54,37,94,0,1001,Retweet,(517648165726851072)
2014-10-02T12:47:16,879,675,5,48634,Retweet,(517657062256689152)
2014-10-02T13:32:20,1688,679,106,2234,Retweet,(517668406590320640)
2014-10-02T14:11:15,275,190,4,88700,Tweet,(517678199463870465)
2014-10-02T14:25:25,126,311,0,2676,Retweet,(517681764220030976)
2014-10-02T14:28:26,2358,267,24,16837,Retweet,(517682523791716352)
2014-10-02T15:16:31,100,112,0,241,Retweet,(517694623503106048)
2014-10-02T15:22:54,681,802,0,16641,Retweet,(517696229497532418)
2014-10-02T15:41:53,42,142,2,2879,Retweet,(517701009779728385)
2014-10-02T15:44:21,1822,1243,14,31557,Retweet,(517701630515748864)
2014-10-02T15:48:40,757,318,1,2749,Retweet,(517702714328088576)
2014-10-02T16:08:18,416,147,1,16583,Tweet,(517707655637635072)
2014-10-02T16:17:39,369,184,2,19731,Retweet,(517710009082597377)
2014-10-02T16:26:40,430,345,1,8065,Retweet,(517712279010574337)
2014-10-02T16:27:43,257,243,0,18776,Retweet,(517712540760281088)
2014-10-02T16:47:07,433,254,1,11163,Retweet,(517717423341182976)
2014-10-02T16:56:32,311,386,0,5358,Retweet,(517719792703537152)
2014-10-02T17:08:26,2947,965,42,44230,Tweet,(517722790347419648)
2014-10-02T17:37:31,255,190,0,4812,Retweet,(517730107746947072)
2014-10-02T18:37:57,420,231,0,10178,Retweet,(517745316729479168)
2014-10-02T18:45:12,953,723,0,8866,Tweet,(517747141654372352)
2014-10-02T18:55:33,362,204,3,14129,Retweet,(517749746317156352)
2014-10-02T19:01:19,1199,1171,13,3752,Retweet,(517751195452977152)
2014-10-02T19:16:01,439,83,0,26021,Reply,(517735681502609409)
2014-10-02T19:26:35,24,84,0,104,Retweet,(517757554425098240)
2014-10-02T19:26:38,274,153,0,5849,Retweet,(517757566584381440)
2014-10-02T19:26:54,827,1021,2,29309,Retweet,(517757637069246464)
2014-10-02T19:35:55,198,144,0,14303,Retweet,(517759905344655360)
2014-10-02T19:44:51,111,2001,0,33,Retweet,(517762151814270976)
2014-10-02T19:57:14,11046,10839,6,52925,Retweet,(517765267334901760)
2014-10-02T20:09:12,43,107,0,883,Tweet,(517768280933941249)
2014-10-02T21:05:22,350,0,3,74605,Tweet,(517782415771574273)
2014-10-02T21:21:51,121,537,2,874,Retweet,(517786565599576065)
2014-10-02T21:48:59,201,152,1,5516,Retweet,(517793393486094337)
2014-10-02T22:07:45,278,221,0,16797,Retweet,(517798114632409088)
2014-10-02T22:15:17,731,37,2,29336,Tweet,(517800010009018368)
2014-10-02T22:15:46,1185,1966,5,13787,Retweet,(517800130800812033)
2014-10-02T23:21:06,539,957,19,6850,Tweet,(517816574997045248)
2014-10-02T23:23:57,141,172,0,995,Retweet,(517817290562088961)
2014-10-02T23:34:58,12,13,0,298,Retweet,(517820065517809664)
2014-10-02T23:53:27,107,85,0,232,Retweet,(517824716128944128)
2014-10-04T00:15:02,164,277,1,6980,Retweet,(518192536481853440)
2014-10-04T00:19:51,191,155,0,7360,Reply,(518184461603991553)
2014-10-04T00:28:00,1993,2092,0,18158,Tweet,(518195798367272960)
2014-10-04T00:39:17,2507,1769,121,90981,Reply,(518197343632359424)
2014-10-04T01:45:12,327,486,2,7601,Retweet,(518215225125126144)
2014-10-04T03:19:57,217,253,1,8905,Retweet,(518239070586437633)
2014-10-04T03:56:42,1511,2001,27,46685,Retweet,(518248318632468481)
2014-10-04T05:07:43,1602,805,24,18680,Retweet,(518266191828119552)
2014-10-04T05:25:21,183,199,1,807,Reply,(518270219819970560)
2014-10-04T07:44:49,37,143,1,291,Retweet,(518305724804653056)
2014-10-04T09:35:07,1480,703,16,13943,Retweet,(518333485661319169)
2014-10-04T09:55:10,34,1,0,189919,Tweet,(518338529722519552)
2014-10-04T12:37:29,25633,24628,442,169573,Retweet,(518379379714699264)
2014-10-04T14:33:40,702,1843,10,17281,Tweet,(518408617792262144)
2014-10-04T14:57:21,1095,1271,2,10392,Retweet,(518414576644534272)
2014-10-04T15:42:05,1696,1155,12,97519,Retweet,(518425834135498752)
2014-10-04T15:46:26,237,1966,0,5600,Retweet,(518426929687322626)
2014-10-04T16:02:42,39,65,0,376,Tweet,(518431021679648768)
2014-10-04T17:14:43,4,11,0,16,Tweet,(518449146085507072)
2014-10-04T18:03:02,180,698,0,262,Retweet,(518461306652098560)
2014-10-04T18:04:11,1679,1713,1,8747,Retweet,(518461593936723968)
2014-10-04T18:26:15,1,32,1,204,Retweet,(518467146780000256)
2014-10-04T19:10:31,813,487,34,72551,Retweet,(518478287257866240)
2014-10-04T19:21:44,439,2005,1,705,Tweet,(518481111299526656)
2014-10-04T19:31:03,1334,1430,3,33787,Retweet,(518483457614569472)
2014-10-04T19:41:53,1969,551,27,66784,Retweet,(518486180967772161)
2014-10-04T19:42:54,406,907,0,760,Retweet,(518486438061826048)
2014-10-04T20:11:52,1457,158,44,3886,Retweet,(518493728189980672)
2014-10-04T20:29:37,122,138,1,7417,Tweet,(518498193861279744)
2014-10-04T20:30:37,911,818,0,13836,Retweet,(518498446782001152)
2014-10-04T21:07:45,264,301,0,1593,Retweet,(518507791670321152)
2014-10-04T21:26:21,1975,1707,25,49778,Retweet,(518512470432813056)
2014-10-04T21:36:23,256,321,0,13544,Retweet,(518514996666720257)
2014-10-04T21:55:58,423,203,3,47499,Retweet,(518519927066882050)
2014-10-04T22:03:55,61,222,1,2412,Retweet,(518521925237084160)
2014-10-04T22:08:24,172,430,1,1501,Retweet,(518523052254953472)
2014-10-04T23:46:26,375,340,0,11860,Retweet,(518547725642899456)
2014-10-05T00:15:07,357,334,9,61331,Retweet,(518554944459530240)
2014-10-05T00:44:01,1580,1454,16,52058,Retweet,(518562218242473984)
2014-10-05T04:24:53,14,168,0,703,Tweet,(518617797383835648)
2014-10-05T05:22:13,714,179,7,24406,Tweet,(518632228734377984)
2014-10-05T06:07:42,1996,1695,42,35015,Tweet,(518643674570575872)
2014-10-05T07:56:37,1149,1134,2,62273,Retweet,(518671083911020544)
2014-10-05T11:30:08,151757,962,4207,49118,Tweet,(518724815470198784)
2014-10-05T11:38:46,245,405,1,8091,Retweet,(518726989377990656)
2014-10-05T11:45:12,57,166,0,44,Retweet,(518728607536271361)
2014-10-05T15:30:00,1130,1561,31,6602,Reply,(518784514865528833)
2014-10-05T18:21:05,23,30,0,116,Retweet,(518828235673858048)
2014-10-05T18:33:08,124,277,2,374,Retweet,(518831267744587776)
2014-10-05T19:00:34,223,127,1,9011,Tweet,(518838173238304768)
2014-10-05T19:10:56,1539,1484,20,13922,Retweet,(518840782527422464)
2014-10-05T19:17:04,780,2001,29,150509,Retweet,(518842322667462656)
2014-10-05T20:29:46,367,205,0,13012,Retweet,(518860620309872641)
2014-10-05T21:29:57,8327,7658,149,110923,Tweet,(518875765518368769)
2014-10-05T21:57:16,142,114,3,8452,Tweet,(518882641676754944)
2014-10-05T22:31:37,152,241,1,1290,Retweet,(518891284434395136)
2014-10-05T23:10:11,8,14,0,94,Tweet,(518900989219192833)
2014-10-05T23:17:19,1225,676,6,22871,Retweet,(518902786092957697)
2014-10-06T00:48:20,827,587,1,40439,Reply,(518914783941521408)
2014-10-06T01:19:21,645,476,2,63889,Retweet,(518933495088185344)
2014-10-06T01:21:06,674,182,1,20281,Retweet,(518933936328949760)
2014-10-06T02:03:41,2,10,0,8,Tweet,(518944653627121667)
2014-10-06T02:16:50,624,625,0,7843,Reply,(518945499425284096)
2014-10-06T02:49:42,54,27,1,9659,Tweet,(518956235329388545)
2014-10-06T02:50:45,170,169,0,8082,Retweet,(518956499608285184)
2014-10-06T04:16:53,101,170,3,2796,Retweet,(518978174907334656)
2014-10-06T05:05:50,148,152,2,1652,Retweet,(518990491049033728)
2014-10-06T07:14:19,3772,846,53,30109,Tweet,(519022827044081664)
2014-10-06T09:39:38,832485,1770,10628,89063,Retweet,(519059395947548672)
2014-10-06T10:38:02,304,247,0,4115,Tweet,(519074093187223552)
2014-10-06T11:31:49,2265,2213,16,299259,Tweet,(519087628210028544)
2014-10-06T11:57:55,3203,3079,35,178927,Tweet,(519094198176186368)
2014-10-06T13:01:01,1536,355,4,14262,Reply,(519109621982560256)
2014-10-06T15:25:30,834,11,12,4604,Tweet,(519146435301105664)
2014-10-06T15:32:02,350,229,3,42357,Tweet,(519148082391687168)
2014-10-06T15:48:46,109,98,0,2371,Retweet,(519152290956312577)
2014-10-06T16:00:38,387,549,0,3355,Retweet,(519155278546468864)
2014-10-06T16:36:58,1016,338,4,22251,Retweet,(519164422548627456)
2014-10-06T16:57:29,191,225,0,1019,Tweet,(519169583224467457)
2014-10-06T17:05:28,156,150,0,893,Retweet,(519171593982189568)
2014-10-06T17:06:48,487,373,0,15050,Retweet,(519171929945935872)
2014-10-06T17:25:05,1303,824,2,15287,Retweet,(519176531919507457)
2014-10-06T17:34:24,32,84,0,3039,Tweet,(519178874044035072)
2014-10-06T17:55:45,455,341,4,19653,Retweet,(519184248600002561)
2014-10-06T18:53:17,399,1527,1,195,Retweet,(519198728197246977)
2014-10-06T19:09:32,245,776,1,15346,Retweet,(519202817652039680)
2014-10-06T19:19:37,2059,1094,23,57633,Retweet,(519205355633803265)
2014-10-06T19:30:09,272,243,1,2900,Retweet,(519208006425509888)
2014-10-06T19:45:43,462,752,13,2457,Tweet,(519211921783140352)
2014-10-06T19:49:42,1079,2004,0,4827,Tweet,(519212926742573056)
2014-10-06T19:57:51,422,501,4,13743,Retweet,(519214976087908352)
2014-10-06T20:14:18,193,248,0,1004,Retweet,(519219115429740545)
2014-10-06T20:17:49,617,743,10,10710,Tweet,(519220002113982464)
2014-10-06T20:30:25,136,235,0,683,Retweet,(519223172185718787)
2014-10-06T20:54:03,14,1,2,15770,Tweet,(519229117200232449)
2014-10-06T21:11:11,4168132,89,14648,1075265,Tweet,(519233431428161537)
2014-10-06T21:24:47,15,151,0,121,Retweet,(519236852319264768)
2014-10-06T21:28:59,693,503,13,42837,Retweet,(519237911385210882)
2014-10-06T21:39:09,387,318,0,17157,Reply,(519240361433370624)
2014-10-06T21:50:25,240,618,3,3728,Retweet,(519243305239191552)
2014-10-06T21:54:11,228,161,1,2740,Retweet,(519244250639523841)
2014-10-06T22:04:38,3362,127,56,91328,Tweet,(519246883437289472)
2014-10-06T22:07:45,478,458,4,2458,Tweet,(519247668154208258)
2014-10-06T22:36:42,453,695,0,13231,Retweet,(519254953693822979)
2014-10-06T22:40:39,401,385,3,22593,Retweet,(519255946875641856)
2014-10-06T23:01:31,1670,267,43,3258,Tweet,(519261198576283648)
2014-10-06T23:30:32,176,110,0,313,Retweet,(519268500443914240)
2014-10-06T23:31:32,889,730,1,5701,Tweet,(519268749988597760)
2014-10-07T00:01:46,98,66,0,7547,Retweet,(519276358476632064)
2014-10-07T00:02:28,717,734,0,5325,Retweet,(519276535895707648)
2014-10-07T00:31:03,338,320,1,17266,Retweet,(519283727005143040)
2014-10-07T01:07:49,298275,1191,701,134324,Retweet,(519292982172737537)
2014-10-07T01:14:09,225,386,5,3808,Tweet,(519294577262723072)
2014-10-07T02:08:01,456,482,0,7357,Retweet,(519308131176693760)
2014-10-07T02:25:07,588,230,0,5993,Tweet,(519312432834289664)
2014-10-07T02:33:20,593,1289,6,7777,Tweet,(519314503985426433)
2014-10-07T02:58:53,427,347,0,6536,Reply,(519317318770241536)
2014-10-07T05:26:09,177,582,2,10161,Retweet,(519357994740764672)
2014-10-07T05:26:54,1235,533,13,1064,Tweet,(519358180972052480)
2014-10-07T07:17:21,724,488,4,67528,Retweet,(519385977849016320)
2014-10-07T07:31:59,244,376,6,1323,Retweet,(519389661312348160)
2014-10-07T08:14:10,3,1,0,127,Retweet,(519400277070594048)
2014-10-07T11:07:58,659,1911,13,226,Retweet,(519444013175554048)
2014-10-07T11:18:26,158,197,0,6947,Reply,(519446233820446720)
2014-10-07T11:30:45,2316,28,21,381311,Tweet,(519449747229122561)
2014-10-07T12:01:06,97,69,0,8011,Retweet,(519457383777845248)
2014-10-07T12:20:46,84,476,0,549,Retweet,(519462335568949248)
2014-10-07T13:17:00,5467,3338,6,163301,Tweet,(519476487175430145)
2014-10-07T13:29:17,595,1620,14,3476,Tweet,(519479578771722240)
2014-10-07T14:00:24,2407,2285,44,36289,Tweet,(519487408711024640)
2014-10-07T14:56:37,1107,751,2,1491,Tweet,(519501555679379456)
2014-10-07T16:11:52,215,299,3,3460,Retweet,(519520493813399552)
2014-10-07T16:19:03,56818,4068,587,266175,Tweet,(519522299863527424)
2014-10-07T16:36:31,95,185,1,358,Retweet,(519526696358121473)
2014-10-07T17:29:41,432,241,0,4333,Tweet,(519540078268669952)
2014-10-07T18:01:13,370,357,0,2465,Retweet,(519548013904003072)
2014-10-07T18:24:32,71,229,4,3290,Tweet,(519553881744084992)
2014-10-07T18:46:09,93,37,11,34960,Tweet,(519559319226810368)
2014-10-07T18:54:56,377,347,1,18879,Retweet,(519561531281772545)
2014-10-07T18:57:16,379,764,3,8300,Retweet,(519562118501122050)
2014-10-07T19:36:57,760,700,6,15891,Retweet,(519572103461212160)
2014-10-07T19:46:28,4073,4477,14,14683,Retweet,(519574497142112256)
2014-10-07T19:50:20,409,398,11,80935,Retweet,(519575471902568449)
2014-10-07T20:11:13,98,689,0,6407,Retweet,(519580727797481472)
2014-10-07T20:12:19,495,632,3,16131,Retweet,(519581005854691328)
2014-10-07T20:21:16,526,405,1,10416,Retweet,(519583255712911360)
2014-10-07T21:04:19,1504,1453,3,10770,Retweet,(519594091240108032)
2014-10-07T21:09:08,89,127,0,2748,Retweet,(519595304685809664)
2014-10-07T21:21:57,91,240,5,740,Reply,(519584485747081217)
2014-10-07T22:07:41,262,373,3,43041,Tweet,(519610035920334848)
2014-10-07T22:21:28,502,663,0,4884,Retweet,(519613504165122049)
2014-10-07T22:24:28,595,791,10,19086,Retweet,(519614260834353152)
2014-10-07T22:35:31,275,229,1,7263,Retweet,(519617042500952064)
2014-10-07T22:43:33,2677,898,12,51111,Retweet,(519619062033174528)
2014-10-07T23:09:22,254,168,1,6833,Retweet,(519625561551798273)
2014-10-07T23:23:52,187,299,0,4954,Retweet,(519629210587893760)
2014-10-07T23:28:42,340,373,2,14937,Retweet,(519630425656803331)
2014-10-07T23:52:03,59,172,0,290,Reply,(519635904135065602)
2014-10-08T00:02:14,388,118,0,11924,Retweet,(519638865884086272)
2014-10-08T00:16:39,484,917,3,26622,Retweet,(519642493537619969)
2014-10-08T00:28:22,2,11,0,3039,Tweet,(519645441718120448)
2014-10-08T01:35:26,2359,1781,2,25702,Retweet,(519662320008429568)
2014-10-08T01:56:11,1404,463,5,51550,Retweet,(519667542755786754)
2014-10-08T02:10:58,872,895,4,40387,Retweet,(519671262264586241)
2014-10-08T02:48:10,704,298,0,32595,Retweet,(519680624366333953)
2014-10-08T02:50:09,179,280,2,6190,Retweet,(519681120556703745)
2014-10-08T02:59:26,917,102,31,26633,Retweet,(519683459732602880)
2014-10-08T04:16:02,1,246,0,4,Tweet,(519702737173225472)
2014-10-08T04:35:28,3360,3222,4,13549,Retweet,(519707626863480833)
2014-10-08T04:42:59,753,842,4,8535,Reply,(519321318941282306)
2014-10-08T07:03:23,57,129,0,529,Retweet,(519744849654730752)
2014-10-08T07:14:32,3123,1222,66,73373,Retweet,(519747657711902720)
2014-10-08T08:25:58,73,189,1,13687,Tweet,(519765632833712128)
2014-10-08T09:06:02,127049,74724,86,25267,Retweet,(519775716385107968)
2014-10-08T11:15:36,611,881,6,59341,Tweet,(519808323739058177)
2014-10-08T11:17:38,18,147,0,40,Retweet,(519808835851001856)
2014-10-08T11:21:33,2167,613,19,175083,Tweet,(519809822334525440)
2014-10-08T11:25:05,220,307,0,1381,Retweet,(519810709845475328)
2014-10-08T12:11:22,554,557,10,19604,Tweet,(519822358270316545)
2014-10-08T12:20:15,4510,54,33,10209,Reply,(519824355329462272)
2014-10-08T12:25:08,144,79,0,4481,Retweet,(519825822354771968)
2014-10-08T13:13:36,383,425,1,10493,Retweet,(519838018991951872)
2014-10-08T13:24:41,683,1067,2,18236,Retweet,(519840808602976256)
2014-10-08T13:24:57,124,249,1,1476,Reply,(519837250402934784)
2014-10-08T14:23:20,704,839,2,4303,Retweet,(519855565833797633)
2014-10-08T14:59:47,372,245,0,4321,Retweet,(519864741729423361)
2014-10-08T15:26:53,379,119,9,6727,Retweet,(519871559167934464)
2014-10-08T15:30:22,0,6,0,53089,Tweet,(519872437857816577)
2014-10-08T15:43:29,4634,534,95,11075,Tweet,(519875739613548545)
2014-10-08T15:43:33,992,1054,63,1543,Retweet,(519875753458941953)
2014-10-08T15:47:29,1567,718,70,2839,Retweet,(519876743726125056)
2014-10-08T15:59:17,432,282,2,110735,Tweet,(519879712466694145)
2014-10-08T16:06:13,2,64,0,21,Tweet,(519881459373727744)
2014-10-08T16:26:16,467,623,3,8213,Retweet,(519886504706195456)
2014-10-08T16:46:43,7,28,0,12,Tweet,(519891651980828672)
2014-10-08T16:55:35,530,375,0,32660,Reply,(519870215820419073)
2014-10-08T17:09:23,776,1631,7,70895,Reply,(519896376462020608)
2014-10-08T17:19:17,99,110,0,1183,Tweet,(519899848049692673)
2014-10-08T17:29:16,194,168,5,17742,Tweet,(519902360873611266)
2014-10-08T17:32:48,93,616,1,956,Retweet,(519903247096877057)
2014-10-08T17:48:54,64,59,0,2529,Retweet,(519907300916477953)
2014-10-08T18:12:20,275,243,5,3631,Retweet,(519913196434767872)
2014-10-08T18:15:11,2,113,0,119,Retweet,(519913912817704960)
2014-10-08T19:03:42,23,40,0,367,Tweet,(519926123270909952)
2014-10-08T19:12:21,1056,958,0,13543,Reply,(517891649158926336)
2014-10-08T19:30:01,853,1423,17,5876,Tweet,(519932748572921856)
2014-10-08T19:36:25,1695,1793,83,52822,Retweet,(519934355855384576)
2014-10-08T19:40:01,1045,1981,42,19738,Retweet,(519935263901245442)
2014-10-08T20:03:34,117,441,0,2112,Retweet,(519941188770484224)
2014-10-08T20:03:56,931,886,0,15674,Retweet,(519941284413202432)
2014-10-08T20:40:23,1236,1607,14,4911,Retweet,(519950454428409856)
2014-10-08T21:02:43,3161,190,23,14155,Retweet,(519956075614044160)
2014-10-08T21:09:29,139,183,3,271,Retweet,(519957776836333568)
2014-10-08T22:52:02,119,403,1,2898,Retweet,(519983585642958848)
2014-10-08T22:52:04,523,382,2,59056,Retweet,(519983592790065152)
2014-10-08T22:53:39,355,2001,0,11678,Retweet,(519983992096165889)
2014-10-08T22:55:59,44,72,0,185,Retweet,(519984580951310336)
2014-10-08T23:30:32,312,236,0,4474,Retweet,(519993275760250881)
2014-10-08T23:32:36,542,713,8,10732,Tweet,(519993794599854080)
2014-10-08T23:57:06,3243,981,42,154656,Retweet,(519999962323894272)
2014-10-09T00:17:31,162,142,0,1496,Retweet,(520005099901685761)
2014-10-09T01:02:16,347,300,2,852,Tweet,(520016362475769856)
2014-10-09T01:56:41,308,123,2,9034,Reply,(520015793606901760)
2014-10-09T02:03:26,876,422,0,79485,Retweet,(520031755135647745)
2014-10-09T02:04:55,306,261,1,3436,Retweet,(520032126763552768)
2014-10-09T02:06:17,984,577,1,73235,Retweet,(520032469014556674)
2014-10-09T02:11:26,21879,676,24,659,Retweet,(520033765452959744)
2014-10-09T02:34:54,517,199,36,20989,Retweet,(520039671040970752)
2014-10-09T03:12:18,277,952,14,2454,Retweet,(520049084342607872)
2014-10-09T03:41:05,304,646,1,9426,Retweet,(520056326211137536)
2014-10-09T05:10:37,626,608,0,7282,Retweet,(520078859275079682)
2014-10-09T05:14:23,1754,66,17,30565,Retweet,(520079806767984641)
2014-10-09T05:20:07,1829,745,12,3675,Retweet,(520081250842066944)
2014-10-09T05:47:57,670,570,3,16218,Tweet,(520088254524448768)
2014-10-09T07:16:34,73,16,4,114549,Tweet,(520110558138224640)
2014-10-09T07:26:09,342,205,5,61084,Retweet,(520112969037131776)
2014-10-09T09:46:56,1521,1494,1,28732,Tweet,(520148396615938049)
2014-10-09T10:12:53,697,1017,8,136863,Tweet,(520154926752604160)
2014-10-09T10:13:18,979,1722,5,36447,Tweet,(520155033271533568)
2014-10-09T10:49:40,587,185,2,85712,Retweet,(520164183565168640)
2014-10-09T12:23:01,334,381,3,45621,Tweet,(520187677140725764)
2014-10-09T12:32:08,407,429,0,11807,Retweet,(520189972683710464)
2014-10-09T13:08:55,145,618,5,6690,Tweet,(520199229521035264)
2014-10-09T13:16:06,463,272,5,13175,Retweet,(520201034720100354)
2014-10-09T13:27:43,1262,1000,12,61425,Tweet,(520203960687558656)
2014-10-09T14:00:50,225,214,5,2729,Retweet,(520212291401560064)
2014-10-09T14:19:55,2241,372,35,63625,Tweet,(520217097247686656)
2014-10-09T14:51:55,10930,9258,185,13400,Tweet,(520225149900304384)
2014-10-09T14:58:52,3972,771,26,93626,Retweet,(520226897217978368)
2014-10-09T15:07:03,1778,1673,0,7903,Retweet,(520228957485268995)
2014-10-09T15:12:32,2417,2063,38,17745,Reply,(517414472336424961)
2014-10-09T15:42:37,1376,310,54,29019,Tweet,(520237906032865280)
2014-10-09T16:02:24,149,521,3,4231,Retweet,(520242888022978560)
2014-10-09T16:07:55,509,397,0,10833,Retweet,(520244271283445760)
2014-10-09T16:18:52,252,129,2,36737,Tweet,(520247031148060672)
2014-10-09T16:43:26,1584,1440,0,68421,Tweet,(520253211882426368)
2014-10-09T17:12:24,469,408,0,24030,Tweet,(520260504506630144)
2014-10-09T17:40:21,1044,129,14,37872,Tweet,(520267537515569153)
2014-10-09T17:57:25,141,47,9,652,Tweet,(520271832919072768)
2014-10-09T17:58:21,327,235,1,20933,Retweet,(520272066952847361)
2014-10-09T18:07:24,323,321,0,1888,Tweet,(520274344451112961)
2014-10-09T18:41:42,4123,3719,3,27987,Tweet,(520282975494078464)
2014-10-09T19:02:21,5571,699,103,157314,Retweet,(520288173902266368)
2014-10-09T19:09:41,236,596,1,466,Retweet,(520290019828072448)
2014-10-09T19:40:04,407,484,0,2349,Retweet,(520297663116627970)
2014-10-09T19:55:04,249,338,0,639,Tweet,(520301440095756288)
2014-10-09T20:09:08,53,89,0,490,Retweet,(520304977546604545)
2014-10-09T20:15:55,1218,952,10,17516,Retweet,(520306684636315649)
2014-10-09T20:17:20,4055,40,103,409206,Tweet,(520307041974226945)
2014-10-09T21:08:11,811,733,158,4776,Reply,(520319233238900737)
2014-10-09T21:29:12,9661,4850,83,54144,Tweet,(520325127838654464)
2014-10-09T21:30:48,716,723,1,2485,Retweet,(520325530479239168)
2014-10-09T21:50:01,9086,9296,121,192843,Retweet,(520330368180686848)
2014-10-09T21:50:14,2167,2214,1,19921,Retweet,(520330420194254849)
2014-10-09T21:59:22,60,137,0,597,Retweet,(520332721189847040)
2014-10-09T22:26:58,937,1362,14,138610,Retweet,(520339667804491777)
2014-10-09T22:40:16,7679,6975,109,177610,Tweet,(520343014007648256)
2014-10-09T22:52:52,2152,2076,3,12863,Reply,(517553393888661504)
2014-10-09T23:01:42,1276,1672,11,1313,Retweet,(520348405806428160)
2014-10-09T23:05:44,427,328,0,26517,Retweet,(520349421666848768)
2014-10-11T01:48:58,614,246,7,112958,Tweet,(520752887274938369)
2014-10-11T02:15:55,52,85,1,180,Tweet,(520759669053468672)
2014-10-11T02:20:03,64,83,3,28902,Tweet,(520760713002754049)
2014-10-11T02:25:02,56,82,0,159,Tweet,(520761965828788224)
2014-10-11T02:25:47,1131,606,3,15280,Retweet,(520762152060076032)
2014-10-11T02:43:01,1192,902,0,50723,Retweet,(520766491487375360)
2014-10-11T05:56:31,5881,4032,34,70004,Retweet,(520815184873402368)
2014-10-11T06:23:34,1115,784,1,15505,Retweet,(520821993030320128)
2014-10-11T06:52:23,247,186,0,2029,Retweet,(520829244147265536)
2014-10-11T07:04:18,908,919,1,35411,Retweet,(520832245196918784)
2014-10-11T08:30:41,438,153,6,48866,Tweet,(520853983854727169)
2014-10-11T10:34:23,9049,835,411,132274,Tweet,(520885112721117184)
2014-10-11T11:26:50,314,286,18,23711,Retweet,(520898313428942848)
2014-10-11T11:37:51,3545,2676,47,39998,Tweet,(520901085478023168)
2014-10-11T12:25:55,681,493,4,16695,Tweet,(520913183520083969)
2014-10-11T12:36:47,217,98,6,81502,Tweet,(520915918625710082)
2014-10-11T13:59:58,66,79,0,2994,Retweet,(520936852795428864)
2014-10-11T14:20:59,131,142,0,305,Retweet,(520942141825359872)
2014-10-11T14:47:33,102,109,0,3534,Tweet,(520948824182124545)
2014-10-11T14:49:11,173,664,1,6079,Retweet,(520949235660128256)
2014-10-11T14:57:17,12,75,0,587,Reply,(520900292724793344)
2014-10-11T16:35:00,807,626,2,34513,Retweet,(520975866961338369)
2014-10-11T17:17:19,123,60,3,6895,Tweet,(520986516315971584)
2014-10-11T18:00:29,378,1032,2,11386,Tweet,(520997379538165760)
2014-10-11T18:49:44,10654,291,65,84684,Reply,(521009732623302656)
2014-10-11T19:02:23,577,498,5,1508,Retweet,(521012956360744960)
2014-10-11T19:12:15,1277,1756,2,7037,Tweet,(521015441464889345)
2014-10-11T19:33:00,1489,174,10,632,Retweet,(521020661301780480)
2014-10-11T19:46:50,1975,1838,4,25722,Tweet,(521024142146281472)
2014-10-11T20:54:14,75,577,1,86,Retweet,(521041106021396480)
2014-10-11T21:29:23,193,183,1,25018,Retweet,(521049950546038784)
2014-10-11T21:41:22,200,250,0,2107,Retweet,(521052967513120768)
2014-10-11T22:38:42,270,299,10,20521,Reply,(520997034816712704)
2014-10-11T22:46:12,84,199,0,1703,Retweet,(521069280843280384)
2014-10-12T00:30:02,219,109,1,4291,Retweet,(521095412586123264)
2014-10-12T02:08:14,5681,240,8,40636,Retweet,(521120125001666561)
2014-10-12T06:34:20,240,438,0,942,Tweet,(521187093377069056)
2014-10-12T10:31:39,220,431,2,9091,Retweet,(521246814818025472)
2014-10-12T11:44:53,264,527,2,1026,Retweet,(521265242056429568)
2014-10-12T12:18:23,356,587,0,7044,Tweet,(521273673022717952)
2014-10-12T12:18:57,84,145,0,3332,Retweet,(521273817722028032)
2014-10-12T12:21:48,452,1450,16,13985,Retweet,(521274534947999744)
2014-10-12T13:12:48,532,781,4,3922,Retweet,(521287369514033152)
2014-10-12T14:35:53,159,154,0,4098,Retweet,(521308276445937664)
2014-10-12T14:36:55,557,2000,3,7376,Retweet,(521308537356812289)
2014-10-12T14:46:05,20786,15988,35,33460,Tweet,(521310845046099968)
2014-10-12T15:06:49,10,20,0,1864,Retweet,(521316062751498240)
2014-10-12T15:10:40,166,201,1,5563,Tweet,(521317030818246656)
2014-10-12T15:32:02,125,278,0,49784,Retweet,(521322409161277440)
2014-10-12T16:32:12,368,279,4,17748,Retweet,(521337549747662849)
2014-10-12T16:58:11,463,658,22,43768,Tweet,(521344087014641665)
2014-10-12T17:11:42,214,197,0,3765,Tweet,(521347491527028736)
2014-10-12T17:31:31,1284,939,13,4078,Tweet,(521352478562852865)
2014-10-12T17:32:58,509,97,7,13886,Retweet,(521352841798356992)
2014-10-12T17:35:05,691,366,2,40916,Retweet,(521353375733260288)
2014-10-12T17:39:29,39,144,0,4910,Retweet,(521354482160910336)
2014-10-12T17:51:33,175,494,0,67683,Tweet,(521357518425952256)
2014-10-12T18:27:10,215,209,2,7212,Retweet,(521366483734364162)
2014-10-12T18:28:24,373,684,7,6093,Tweet,(521366793294581761)
2014-10-12T18:35:50,209,128,1,7658,Retweet,(521368662284836865)
2014-10-12T18:42:32,282,622,13,2229,Retweet,(521370347971817472)
2014-10-12T19:46:41,94977,88584,2443,123387,Retweet,(521386491830747137)
2014-10-12T19:55:36,3268,326,2,29010,Retweet,(521388737897693184)
2014-10-12T20:03:30,2346,2230,8,32069,Retweet,(521390723892273154)
2014-10-12T20:05:53,871,615,5,33279,Tweet,(521391326211088385)
2014-10-12T20:11:15,218,846,10,63718,Tweet,(521392676751814656)
2014-10-12T20:23:25,512,342,0,8104,Retweet,(521395736907636736)
2014-10-12T20:36:24,348,2001,0,11976,Retweet,(521399005956567040)
2014-10-12T21:05:33,515,466,0,15082,Retweet,(521406342238842881)
2014-10-12T21:16:09,791,445,7,38791,Retweet,(521409009387978752)
2014-10-12T21:36:09,271,4,0,14372,Tweet,(521414042120761346)
2014-10-12T21:53:12,76208,71554,49,146,Retweet,(521418330369175552)
2014-10-12T22:05:46,506,381,2,13162,Tweet,(521421494568886272)
2014-10-12T22:18:08,385,186,0,5877,Retweet,(521424605916172289)
2014-10-12T22:28:02,6325,4588,7,32777,Tweet,(521427097756381185)
2014-10-12T22:56:30,535,506,0,6753,Retweet,(521434262042841088)
2014-10-12T23:00:12,33,69,0,600,Retweet,(521435193585172480)
2014-10-12T23:15:37,32,32,1,2219,Retweet,(521439072905363456)
2014-10-12T23:29:33,1387,685,22,478639,Tweet,(521442577669558272)
2014-10-12T23:33:56,512,708,0,7457,Tweet,(521443683686551552)
2014-10-13T00:24:17,230,572,0,5053,Reply,(521456245199626240)
2014-10-13T00:24:42,443,188,1,7881,Retweet,(521456459557916672)
2014-10-13T00:35:39,221,857,4,6680,Retweet,(521459214779441153)
2014-10-13T00:37:03,116,133,1,5407,Tweet,(521459565020581888)
2014-10-13T00:52:46,1024,1996,8,5641,Tweet,(521463522757464064)
2014-10-13T01:27:31,52,276,0,450,Retweet,(521472267445080064)
2014-10-13T02:14:51,83,139,0,398,Retweet,(521484179297800192)
2014-10-13T03:04:46,597,438,0,9659,Reply,(521496003133050880)
2014-10-13T03:08:15,3594,1245,2,5957,Retweet,(521497618682109952)
2014-10-13T03:10:54,783,1989,8,8009,Tweet,(521498284729192448)
2014-10-13T03:34:19,506,463,0,6746,Retweet,(521504176895848448)
2014-10-13T03:58:36,212,372,4,8014,Retweet,(521510286315225088)
2014-10-13T04:11:44,106,165,1,1544,Tweet,(521513594781851648)
2014-10-13T04:34:44,460,198,1,24460,Retweet,(521519382925553664)
2014-10-13T05:15:59,531,1026,8,43027,Tweet,(521529761315975168)
2014-10-13T05:37:59,9452,9147,179,46425,Retweet,(521535296525971458)
2014-10-13T05:49:32,242,232,1,1856,Retweet,(521538205263212544)
2014-10-13T06:00:19,764,440,19,36153,Retweet,(521540919833944064)
2014-10-13T06:47:09,43,627,1,4295,Tweet,(521552704145858563)
2014-10-13T07:50:39,406,207,18,196263,Tweet,(521568686126022656)
2014-10-13T08:13:00,247,156,1,5400,Retweet,(521574310658732032)
2014-10-13T10:41:11,307,94,0,40068,Retweet,(521611599292166144)
2014-10-13T11:06:55,796,1998,5,8055,Retweet,(521618075725340672)
2014-10-13T11:33:38,1020,805,7,78193,Retweet,(521624798355783680)
2014-10-13T13:00:56,160,131,0,3158,Retweet,(521646771882438656)
2014-10-13T13:37:13,10,92,0,13,Retweet,(521655902458245121)
2014-10-13T14:58:11,92,103,3,9681,Tweet,(521676275870486528)
2014-10-13T15:25:56,151,224,0,1615,Retweet,(521683260225884160)
2014-10-13T15:47:17,347,390,1,6836,Retweet,(521688634383421440)
2014-10-13T16:07:47,2189,1436,9,65214,Reply,(521693124620718081)
2014-10-13T16:08:30,133,184,4,14154,Tweet,(521693972067266560)
2014-10-13T16:12:35,393,212,0,11222,Tweet,(521695000091168768)
2014-10-13T16:21:33,768,323,29,1064,Tweet,(521697257909788672)
2014-10-13T16:26:54,397,1727,0,1227,Retweet,(521698601727426560)
2014-10-13T16:38:44,2683,299,78,591,Tweet,(521701580975140864)
2014-10-13T16:41:21,585,11,29,113242,Tweet,(521702239464067072)
2014-10-13T17:06:43,331,174,1,3353,Tweet,(521708622363889665)
2014-10-13T17:07:04,1661055,927,17151,12946,Tweet,(521708713783336963)
2014-10-13T17:12:08,91,277,0,314,Retweet,(521709985076899840)
2014-10-13T17:16:40,163,233,1,18063,Retweet,(521711126774427648)
2014-10-13T17:18:32,118,125,0,81,Retweet,(521711599057260544)
2014-10-13T17:28:39,2,34,0,137,Retweet,(521714143728914432)
2014-10-13T17:30:26,823,556,25,7121,Retweet,(521714590447833088)
2014-10-13T17:37:19,17,105,0,1020,Tweet,(521716323097649152)
2014-10-13T18:23:17,1314,620,26,6745,Retweet,(521727892237991937)
2014-10-13T18:38:56,207,351,1,2289,Retweet,(521731829033086976)
2014-10-13T18:47:59,3210,2190,152,21190,Retweet,(521734107383222272)
2014-10-13T18:54:39,581,655,0,7309,Retweet,(521735784664432640)
2014-10-13T19:02:09,710,1043,9,5929,Tweet,(521737671702355968)
2014-10-13T19:27:03,176,158,1,20476,Tweet,(521743940895391744)
2014-10-13T19:27:41,426,1710,4,11305,Reply,(521724008858140672)
2014-10-13T19:30:43,893,1951,3,2990,Retweet,(521744864493334528)
2014-10-13T20:05:21,176,491,3,3910,Retweet,(521753580249034752)
2014-10-13T21:15:07,31444,31662,2188,112982,Tweet,(521771134682140672)
2014-10-13T21:29:26,40,41,0,993,Retweet,(521774737991946241)
2014-10-13T22:35:21,196,157,0,4359,Retweet,(521791328993415169)
2014-10-13T22:38:37,1262,99,3,945,Retweet,(521792148149395456)
2014-10-13T22:53:06,277,310,0,14112,Retweet,(521795793418977280)
2014-10-13T23:00:23,892,1989,2,14837,Retweet,(521797628023959552)
2014-10-13T23:31:54,147,39,1,1630,Reply,(521797636592898049)
2014-10-14T00:10:16,705,691,3,24862,Retweet,(521815212639682560)
2014-10-14T00:43:29,66,138,0,61,Tweet,(521823573975896064)
2014-10-14T02:03:11,1852,1705,1,3734,Reply,(521843517740830720)
2014-10-14T02:13:05,351,289,1,8249,Reply,(521768486557982722)
2014-10-14T02:19:15,541,267,6,35351,Reply,(521847611138256897)
2014-10-14T02:25:10,25208,181,37,34742,Tweet,(521849160472219648)
2014-10-14T02:26:48,255,144,0,14864,Retweet,(521849575309447168)
2014-10-14T02:31:13,97,171,0,198,Retweet,(521850683419815936)
2014-10-14T02:42:42,286,385,3,4485,Reply,(521853411814547456)
2014-10-14T03:01:59,1233,661,56,105727,Retweet,(521858428223107072)
2014-10-14T03:15:50,5024,5511,80,31158,Retweet,(521861913282486272)
2014-10-14T04:19:36,871,532,1,27638,Tweet,(521877959825956864)
2014-10-14T04:46:44,642,429,0,32025,Retweet,(521884789415350274)
2014-10-14T04:57:05,9,10,0,9119,Tweet,(521887395336454144)
2014-10-14T06:31:53,674,701,3,6261,Retweet,(521911252541792257)
2014-10-14T07:46:38,1247,1123,28,107154,Tweet,(521930060211564544)
2014-10-14T08:45:26,13,11,0,2096,Tweet,(521944859398004736)
2014-10-14T09:03:00,520,1939,10,17455,Retweet,(521949280622612481)
2014-10-14T12:13:36,94,485,1,1351,Tweet,(521997247954051072)
2014-10-14T12:23:49,2778,2383,6,43490,Tweet,(521999818604826624)
2014-10-14T12:24:48,132,125,1,7481,Reply,(521999121771925504)
2014-10-14T12:29:26,1251,112,2,213382,Tweet,(522001232093646848)
2014-10-14T13:04:27,153,193,4,33396,Retweet,(522010043487887360)
2014-10-14T13:19:03,1872,644,51,5476,Retweet,(522013718117646336)
2014-10-14T13:53:31,377,180,40,27206,Tweet,(522022391107817474)
2014-10-14T14:30:24,10,78,0,6,Retweet,(522031673953640448)
2014-10-14T14:46:12,671,328,35,14606,Retweet,(522035647641829376)
2014-10-14T15:08:36,292,305,0,927,Tweet,(522041286853812224)
2014-10-14T16:09:06,2615,1681,28,166015,Tweet,(522056509266485249)
2014-10-14T16:20:34,89,785,0,1367,Tweet,(522059399125164033)
2014-10-14T16:42:45,1981,1222,15,156173,Tweet,(522064982175784960)
2014-10-14T17:14:19,58,3,1,38,Retweet,(522072926183768065)
2014-10-14T17:27:32,335,509,2,8077,Retweet,(522076252283629568)
2014-10-14T17:48:08,22,146,1,2486,Tweet,(522081436418179072)
2014-10-14T18:01:07,1298,2001,1,6238,Reply,(522084556347039745)
2014-10-14T18:03:08,590,943,8,146035,Tweet,(522085209630457856)
2014-10-14T18:50:54,14,2,0,58492,Tweet,(522097230904168449)
2014-10-14T19:01:52,86,158,2,4144,Retweet,(522099991624839168)
2014-10-14T20:12:53,320,158,1,5617,Retweet,(522117861419278336)
2014-10-14T20:35:44,55497,330,125,30929,Retweet,(522123611839414272)
2014-10-14T20:44:51,437,402,0,10870,Retweet,(522125907784630273)
2014-10-14T20:47:37,5,14,0,11296,Tweet,(522126604479131648)
2014-10-14T20:51:24,914,2001,0,9454,Retweet,(522127553235259393)
2014-10-14T20:51:52,347,170,2,59716,Tweet,(522127672760365056)
2014-10-14T21:05:41,279,550,5,6455,Tweet,(522131148588457985)
2014-10-14T22:36:19,38,78,0,1654,Retweet,(522153957179666432)
2014-10-14T23:40:37,13932,434,350,10183,Tweet,(522170138398048257)
2014-10-14T23:56:35,1515,1062,10,13869,Tweet,(522174158625857537)
2014-10-14T23:56:45,79,55,1,3050,Reply,(522173155142807552)
2014-10-15T00:15:40,3018,3273,53,2746,Retweet,(522178959434600449)
2014-10-15T01:10:28,420,461,3,106874,Tweet,(522192752826531840)
2014-10-15T02:22:54,30,127,0,71,Retweet,(522210977933053952)
2014-10-15T03:28:05,213,511,2,799,Tweet,(522227383114686464)
2014-10-15T05:30:43,649,824,1,10119,Retweet,(522258246057201666)
2014-10-15T06:30:11,141,895,1,23801,Tweet,(522273210499211264)
2014-10-15T07:59:33,317,365,7,44069,Tweet,(522295700361465856)
2014-10-15T09:10:26,1469,1507,61,25099,Reply,(522313180069249025)
2014-10-15T10:09:34,187,457,6,5798,Tweet,(522328421796306944)
2014-10-15T10:45:57,693,1991,11,7898,Tweet,(522337574619463681)
2014-10-15T11:13:42,23,151,1,85,Reply,(522340960282636288)
2014-10-15T11:27:27,6493,5933,224,48343,Tweet,(522348021787676672)
2014-10-15T11:35:50,91,284,2,1082,Retweet,(522350131107348480)
2014-10-15T12:03:33,287,516,4,10778,Tweet,(522357105387634689)
2014-10-15T12:06:36,258,148,0,7484,Retweet,(522357873775755264)
2014-10-15T12:31:58,182,1191,1,11280,Tweet,(522364255392129025)
2014-10-15T13:10:45,1149,1936,5,34163,Tweet,(522374016393179136)
2014-10-15T13:54:46,62141,50541,27,34542,Retweet,(522385092304699392)
2014-10-15T14:26:12,2519,2461,46,14624,Tweet,(522393003575742464)
2014-10-15T14:48:07,106,449,0,1086,Retweet,(522398519517515776)
2014-10-15T15:43:15,2625,357,15,126581,Tweet,(522412396351328256)
2014-10-15T15:59:52,161,109,0,11994,Tweet,(522416577254543360)
2014-10-15T16:08:06,101,1,2,28765,Tweet,(522418647969849344)
2014-10-15T16:19:30,27,59,0,3413,Tweet,(522421515636445184)
2014-10-15T16:22:16,37,88,0,990,Reply,(522421454231830528)
2014-10-15T16:22:36,295,300,1,9071,Tweet,(522422295751835648)
2014-10-15T16:58:26,972,965,35,32229,Retweet,(522431316445650944)
2014-10-15T16:58:46,2062,1712,193,40251,Retweet,(522431397827727360)
2014-10-15T17:13:28,844,779,25,8276,Tweet,(522435098457554944)
2014-10-15T17:23:30,2348,762,73,4269,Reply,(522436788909264896)
2014-10-15T17:26:23,458,482,6,9462,Reply,(522437646996357120)
2014-10-15T17:27:35,62,214,0,168,Retweet,(522438650630766592)
2014-10-15T17:57:36,43,191,0,3915,Tweet,(522446203313602561)
2014-10-15T18:04:58,2668,2779,7,49200,Retweet,(522448058420699136)
2014-10-15T18:11:28,121,237,0,2025,Retweet,(522449692538318848)
2014-10-15T18:12:01,331,1200,3,13788,Retweet,(522449833052102656)
2014-10-15T18:19:39,442,354,8,15786,Tweet,(522451751950385152)
2014-10-15T18:25:59,414,970,2,4896,Tweet,(522453346217914369)
2014-10-15T19:18:05,710,386,29,20651,Tweet,(522466458434277376)
2014-10-15T19:24:32,623,562,47,4918,Tweet,(522468082053156864)
2014-10-15T20:01:01,67,193,1,1723,Tweet,(522477262105755648)
2014-10-15T20:36:46,329,300,1,38178,Tweet,(522486261001781249)
2014-10-15T20:45:29,874,148,1,92669,Tweet,(522488452948840448)
2014-10-15T20:56:27,788,912,1,26925,Retweet,(522491211966197761)
2014-10-15T21:24:02,5377,5374,29,40805,Retweet,(522498156886384640)
2014-10-15T21:44:08,115,124,0,312,Tweet,(522503211878731776)
2014-10-15T22:10:55,479,336,4,116543,Retweet,(522509955446738944)
2014-10-15T22:25:07,77,141,0,1645,Retweet,(522513525634531328)
2014-10-15T22:41:14,737,2001,2,14932,Retweet,(522517582801539072)
2014-10-15T22:51:28,65,217,0,766,Retweet,(522520159345737728)
2014-10-15T22:53:06,537,1130,23,135911,Tweet,(522520569984458753)
2014-10-15T23:14:05,247,1026,3,871,Tweet,(522525850596835328)
2014-10-15T23:40:20,24444,284,690,16685,Tweet,(522532454976868352)
2014-10-15T23:57:09,147,90,1,29328,Retweet,(522536690385436673)
2014-10-16T00:01:36,85,261,1,5224,Retweet,(522537807739645953)
2014-10-16T00:02:00,1877,296,4,185,Tweet,(522537909661216768)
2014-10-16T00:19:32,41,38,0,18230,Tweet,(522542320370343936)
2014-10-16T00:37:24,1,138,0,4888,Tweet,(522546816676421632)
2014-10-16T00:59:19,675,318,3,9009,Retweet,(522552334304694272)
2014-10-16T01:52:38,2276,564,126,113355,Tweet,(522565752688492544)
2014-10-16T02:21:11,1088,567,6,47595,Tweet,(522572937568976896)
2014-10-16T02:23:01,7,7,0,30,Reply,(522432513206398976)
2014-10-16T03:15:04,70,434,2,269,Retweet,(522586493970558976)
2014-10-16T03:18:54,136,104,0,4705,Retweet,(522587459893592065)
2014-10-16T03:24:42,270,266,2,5842,Retweet,(522588922057351168)
2014-10-16T03:26:39,802,1253,11,2178,Reply,(522416934344597504)
2014-10-16T03:43:46,454,271,1,45999,Reply,(522588487011561473)
2014-10-16T03:56:36,419,384,4,12727,Tweet,(522596946150584321)
2014-10-16T04:11:21,436,301,0,12290,Retweet,(522600658130993153)
2014-10-16T04:32:41,7416,6423,11,17108,Reply,(522603493002334208)
2014-10-16T04:57:05,34,53,3,6744,Tweet,(522612168559054848)
2014-10-16T04:57:25,2160,1813,15,108215,Retweet,(522612254098092032)
2014-10-16T05:39:19,3,9,0,11,Retweet,(522622796929961984)
2014-10-16T05:42:08,254,196,1,15665,Retweet,(522623507453071360)
2014-10-16T11:42:20,693,987,17,123505,Retweet,(522714152222359552)
2014-10-16T12:07:47,74,99,3,467,Tweet,(522720559852183552)
2014-10-16T12:07:53,661,1398,32,2223,Tweet,(522720581662175233)
2014-10-16T12:48:05,339,367,16,48927,Tweet,(522730700441927680)
2014-10-16T12:51:17,56,71,0,4068,Retweet,(522731504883888129)
2014-10-16T13:00:04,7,38,1,12302,Tweet,(522733717811240961)
2014-10-16T13:11:57,1489,569,6,126088,Tweet,(522736708349988864)
2014-10-16T13:14:04,5106,3602,51,52814,Retweet,(522737238514626562)
2014-10-16T13:26:46,525,49,17,88697,Retweet,(522740435811573760)
2014-10-16T14:02:03,91,279,0,1364,Tweet,(522749314758873088)
2014-10-16T14:10:38,7636370,61,81398,181211,Retweet,(522751474393444352)
2014-10-16T14:28:15,5382,5364,65,51012,Retweet,(522755909039427584)
2014-10-16T14:35:26,1017,537,33,42202,Retweet,(522757714238517248)
2014-10-16T15:16:47,562,737,0,11101,Tweet,(522768122001235968)
2014-10-16T15:33:23,429,528,22,13486,Tweet,(522772300350124032)
2014-10-16T15:40:32,6974,6893,128,89341,Retweet,(522774098884055040)
2014-10-16T16:09:16,235,303,1,578,Tweet,(522781330304946176)
2014-10-16T16:10:48,270,245,15,1812,Tweet,(522781716575186944)
2014-10-16T16:29:22,414,672,17,2583,Tweet,(522786387368488960)
2014-10-16T16:30:51,371,122,1,7911,Tweet,(522786762339655681)
2014-10-16T16:38:11,205,260,1,9840,Reply,(522780981770850304)
2014-10-16T16:42:12,833,2001,13,48015,Tweet,(522789616571936768)
2014-10-16T16:48:35,6409,6509,109,16207,Tweet,(522791225498562560)
2014-10-16T17:03:02,121,129,0,4259,Retweet,(522794861091889152)
2014-10-16T17:17:43,3319,3525,98,69190,Retweet,(522798554616971264)
2014-10-16T17:22:19,981,77,7,148036,Retweet,(522799713092128769)
2014-10-16T17:27:08,51,102,0,688,Tweet,(522800926919495681)
2014-10-16T17:35:08,112,195,0,583,Tweet,(522802937655865344)
2014-10-16T18:02:10,1347,798,1,48901,Tweet,(522809743359107072)
2014-10-16T18:07:16,310,206,1,10336,Tweet,(522811026375725057)
2014-10-16T18:08:12,672,988,0,29285,Retweet,(522811258316140544)
2014-10-16T18:38:26,1599,2001,27,50265,Tweet,(522818870139432960)
2014-10-16T19:07:20,573,664,35,5528,Tweet,(522826143079354368)
2014-10-16T19:12:05,416,835,8,8434,Tweet,(522827338015191040)
2014-10-16T19:45:05,13391,661,191,98230,Tweet,(522835640656740352)
2014-10-16T19:49:40,795,371,3,44181,Retweet,(522836797001191426)
2014-10-16T20:18:22,74,135,0,703,Tweet,(522844016657047552)
2014-10-16T20:42:11,694,49,40,58647,Retweet,(522850011168509952)
2014-10-16T21:00:50,309,237,0,40155,Retweet,(522854704188252160)
2014-10-16T21:19:59,291,30,2,29624,Retweet,(522859522579128321)
2014-10-16T21:58:43,653,435,1,6982,Retweet,(522869270565244928)
2014-10-16T22:03:52,1230,328,14,26095,Tweet,(522870568710709249)
2014-10-16T22:08:49,78,24,8,78158,Tweet,(522871811910807553)
2014-10-16T23:00:42,401,170,15,75204,Retweet,(522884872114020352)
2014-10-16T23:20:14,1793,1174,10,47219,Reply,(522888494612373504)
2014-10-18T00:12:12,461,155,9,167,Retweet,(523265251866083328)
2014-10-18T00:30:25,9121,8419,77,211150,Tweet,(523269835849875456)
2014-10-18T00:36:04,97494,92419,512,48975,Tweet,(523271259807698944)
2014-10-18T00:55:43,24852,726,29,744,Retweet,(523276204452106241)
2014-10-18T00:56:10,301,468,2,1540,Tweet,(523276317283086336)
2014-10-18T00:59:57,401,156,3,21375,Tweet,(523277269004218368)
2014-10-18T01:29:19,536,456,0,21890,Reply,(523284422586810368)
2014-10-18T01:40:14,98,287,6,1570,Retweet,(523287407882272770)
2014-10-18T01:53:50,20,125,0,198,Reply,(523281660461449216)
2014-10-18T01:58:07,1624,2001,28,183037,Tweet,(523291908353691650)
2014-10-18T02:01:10,5852,5727,8,4939,Tweet,(523292673407713280)
2014-10-18T02:13:24,122,289,1,969,Tweet,(523295754136604672)
2014-10-18T02:49:57,1943,816,164,25763,Retweet,(523304949292494850)
2014-10-18T02:58:23,3113,2454,6,443,Tweet,(523307074965757952)
2014-10-18T03:12:27,1074,534,33,46121,Tweet,(523310612877955073)
2014-10-18T03:17:49,290,336,1,8127,Retweet,(523311963020197890)
2014-10-18T04:15:52,227,421,0,1643,Retweet,(523326573877800962)
2014-10-18T04:46:33,316,906,12,1484,Tweet,(523334294308016130)
2014-10-18T07:58:31,300,675,8,10182,Retweet,(523382606004756481)
2014-10-18T10:33:17,468,353,6,1145,Tweet,(523421551354728448)
2014-10-18T11:21:56,170,438,0,877,Tweet,(523433796629065728)
2014-10-18T11:51:51,182,475,5,3361,Tweet,(523441325421498371)
2014-10-18T12:28:58,28,161,1,1672,Retweet,(523450665721274368)
2014-10-18T12:38:29,157,269,0,6491,Retweet,(523453060673048577)
2014-10-18T13:38:47,336,504,0,3844,Retweet,(523468234809692160)
2014-10-18T13:59:07,1383,1123,35,26740,Tweet,(523473352712019969)
2014-10-18T14:26:58,904,505,2,80543,Tweet,(523480361389817856)
2014-10-18T15:19:52,1525,894,61,82894,Retweet,(523493671602495489)
2014-10-18T16:29:00,228,1566,0,309,Retweet,(523511072922558464)
2014-10-18T17:11:44,301,365,7,2343,Tweet,(523521824609431552)
2014-10-18T17:57:51,12961,12894,6,21502,Retweet,(523533430215426048)
2014-10-18T18:35:49,3097,3377,4,10249,Tweet,(523542985255157760)
2014-10-18T18:41:56,395,1591,8,2405,Retweet,(523544526246653952)
2014-10-18T21:33:43,313,519,2,23817,Retweet,(523587756115918848)
2014-10-18T21:47:37,491,1357,1,27204,Retweet,(523591254987509760)
2014-10-18T22:11:54,343,323,0,1958,Retweet,(523597363160813568)
2014-10-18T23:00:57,1956,1751,14,16715,Tweet,(523609707412332544)
2014-10-19T01:14:36,11694,12344,153,35288,Retweet,(523643344908718081)
2014-10-19T01:33:47,1062,991,25,14485,Retweet,(523648169205592064)
2014-10-19T01:41:02,486,198,6,12007,Retweet,(523649993303814144)
2014-10-19T01:56:04,172,558,3,26894,Tweet,(523653779896672256)
2014-10-19T02:14:00,1164,905,12,3839,Retweet,(523658291722088448)
2014-10-19T02:15:13,1371,422,5,42118,Retweet,(523658597474246656)
2014-10-19T02:24:40,1,0,0,335,Tweet,(523660976059457537)
2014-10-19T03:17:11,397,387,3,8165,Retweet,(523674191929692160)
2014-10-19T03:58:09,444,504,0,6426,Retweet,(523684501080137728)
2014-10-19T04:21:16,12866,172,264,112544,Tweet,(523690319842660352)
2014-10-19T05:17:44,1685,1996,25,10950,Tweet,(523704527648616448)
2014-10-19T05:54:31,49666,41589,187,30909,Reply,(523709087163236352)
2014-10-19T07:14:03,3746,5,56,42926,Tweet,(523733802188013568)
2014-10-19T09:02:55,25438,934,40,59431,Retweet,(523761197725024257)
2014-10-19T10:29:47,2499,1850,36,161719,Tweet,(523783058839707648)
2014-10-19T11:47:02,35,179,3,1142,Retweet,(523802499850199040)
2014-10-19T13:04:07,96,104,1,5260,Tweet,(523821897687916545)
2014-10-19T13:24:02,1676,1769,16,6188,Retweet,(523826911961956353)
2014-10-19T14:04:11,137,306,2,16184,Tweet,(523837014374760448)
2014-10-19T14:14:14,0,10,0,43,Tweet,(523839542701596672)
2014-10-19T14:38:43,488,7,14,8488,Retweet,(523845706239705088)
2014-10-19T14:49:40,2990,3372,28,138101,Tweet,(523848459367878657)
2014-10-19T14:50:41,534,1885,1,9786,Retweet,(523848718597230592)
2014-10-19T15:03:26,1290,397,8,96582,Retweet,(523851926786818048)
2014-10-19T15:13:49,45,1955,0,620,Tweet,(523854537342582784)
2014-10-19T15:22:25,2928,2781,70,398533,Retweet,(523856701175627777)
2014-10-19T16:19:33,2009,1676,3,25919,Retweet,(523871081753759744)
2014-10-19T16:47:32,342,1304,4,637,Retweet,(523878121494548480)
2014-10-19T17:24:01,9733,3941,1015,28863,Tweet,(523887305351004160)
2014-10-19T17:53:29,234,555,1,2869,Tweet,(523894722113204225)
2014-10-19T19:09:41,1143,328,8,26452,Tweet,(523913896797560832)
2014-10-19T19:23:55,1318,1010,24,61063,Retweet,(523917476632219648)
2014-10-19T19:32:12,123,238,0,2171,Tweet,(523919562459205632)
2014-10-19T19:40:01,310,511,0,10571,Retweet,(523921531702099968)
2014-10-19T19:49:11,965,460,0,943,Retweet,(523923838963576832)
2014-10-19T20:01:16,85,82,2,3796,Retweet,(523926877749403648)
2014-10-19T21:47:27,10156,71,72,30268,Reply,(523946307183185920)
2014-10-19T22:13:49,42020,32538,15,426,Retweet,(523960235892158465)
2014-10-19T22:38:19,12705,5309,34,19381,Retweet,(523966402793721856)
2014-10-19T22:39:14,410,395,6,15096,Retweet,(523966629278142464)
2014-10-19T22:40:39,10499,9894,219,129506,Tweet,(523966987043483648)
2014-10-19T22:49:37,326,11,14,60442,Tweet,(523969243583221760)
2014-10-19T22:59:15,3399,2461,52,15334,Tweet,(523971669980086272)
2014-10-19T23:25:01,176,149,0,3568,Reply,(523970803709530113)
2014-10-19T23:41:24,184,110,8,5279,Reply,(523981388890906625)
2014-10-20T00:32:12,1087,1331,4,33342,Tweet,(523995059532746752)
2014-10-20T00:54:59,857,116,20,549614,Tweet,(524000794819837952)
2014-10-20T01:18:22,238,214,0,210,Reply,(524005361809125376)
2014-10-20T01:29:25,785,321,11,40512,Tweet,(524009459824472064)
2014-10-20T02:00:00,58,34,0,21497,Tweet,(524017156384518144)
2014-10-20T06:12:56,490,521,0,11872,Retweet,(524080807443693568)
2014-10-20T07:05:15,23390,2022,99,43930,Tweet,(524093973791797248)
2014-10-20T07:36:24,27,156,0,163,Retweet,(524101813352792065)
2014-10-20T08:09:54,2039,2010,1,13944,Retweet,(524110245174329344)
2014-10-20T08:53:54,252,822,6,1215,Retweet,(524121318120497152)
2014-10-20T09:38:03,16,23,0,87,Retweet,(524132429691621376)
2014-10-20T10:28:11,68,147,2,2413,Retweet,(524145043234652160)
2014-10-20T11:13:56,644,782,6,6816,Retweet,(524156557840236544)
2014-10-20T12:01:51,330,1390,9,1984,Retweet,(524168618544619520)
2014-10-20T12:10:05,810,1953,1,36633,Tweet,(524170689272893440)
2014-10-20T12:17:43,5399,5363,46,543223,Tweet,(524172607768522753)
2014-10-20T12:37:28,4535,4504,84,31951,Retweet,(524177578421387266)
2014-10-20T12:51:05,377,339,19,233609,Tweet,(524181006010421248)
2014-10-20T13:46:08,669,362,3,20784,Retweet,(524194861906673665)
2014-10-20T13:49:07,687,1237,3,26418,Tweet,(524195610988003328)
2014-10-20T13:54:06,429,775,9,11998,Tweet,(524196865961910272)
2014-10-20T14:51:13,2076,2150,68,40065,Retweet,(524211239002841088)
2014-10-20T15:07:24,64,307,0,1822,Retweet,(524215311239618561)
2014-10-20T15:09:57,27,42,0,740,Retweet,(524215953392173056)
2014-10-20T15:20:21,1,0,0,84917,Tweet,(524218572302974976)
2014-10-20T15:36:26,87,178,0,2857,Retweet,(524222616455098368)
2014-10-20T15:41:14,12023,176,19,17399,Retweet,(524223825689739265)
2014-10-20T15:53:16,162,234,0,8547,Retweet,(524226854807302144)
2014-10-20T16:29:57,637,201,1,82154,Tweet,(524236085614755840)
2014-10-20T17:20:36,2552,2275,6,71009,Tweet,(524248832960638976)
2014-10-20T17:35:29,292,305,0,6888,Reply,(524249967385661440)
2014-10-20T17:37:02,746,567,22,7450,Tweet,(524252966866657280)
2014-10-20T17:39:02,1068,1030,45,20954,Tweet,(524253472708120576)
2014-10-20T18:02:30,7855,6731,240,97508,Tweet,(524259379110248448)
2014-10-20T18:11:57,160,114,8,37781,Tweet,(524261756437557248)
2014-10-20T18:18:07,529,231,0,8750,Retweet,(524263309164707840)
2014-10-20T18:59:40,151,233,1,320,Retweet,(524273764717309952)
2014-10-20T19:47:53,7,5,0,14,Tweet,(524285896355352576)
2014-10-20T20:06:19,321,217,0,3902,Retweet,(524290534832349184)
2014-10-20T20:10:55,1067,2000,32,172703,Retweet,(524291695379505152)
2014-10-20T20:35:03,1269,208,3,29345,Reply,(177219942)
2014-10-20T21:23:16,20940,422,132,104395,Tweet,(524309903284776960)
2014-10-20T21:44:45,68,139,0,2531,Retweet,(524315309725872132)
2014-10-20T22:17:53,15122,103,533,27799,Tweet,(524323647993827329)
2014-10-20T22:22:56,1184,787,2,11376,Retweet,(524324915931934720)
2014-10-20T22:35:51,129,516,2,5763,Retweet,(524328169898123264)
2014-10-20T23:12:28,5802,3059,106,129105,Retweet,(524337383496753152)
2014-10-20T23:19:41,1484,1924,27,10747,Retweet,(524339199231545345)
2014-10-20T23:20:50,40,54,0,34,Tweet,(524339489041547265)
2014-10-20T23:40:04,547,887,0,4287,Tweet,(524344328861528065)
2014-10-21T00:23:55,2276,2239,1,18823,Retweet,(524355362388840448)
2014-10-21T00:33:52,376,1042,4,9263,Retweet,(524357868930084864)
2014-10-21T00:56:49,1158,624,5,63673,Retweet,(524363644457717761)
2014-10-21T01:03:03,8864,3325,21,100974,Retweet,(524365212300763136)
2014-10-21T01:20:40,642,455,0,7091,Retweet,(524369644002746368)
2014-10-21T01:41:55,4,76,0,411,Tweet,(524374993828720640)
2014-10-21T03:06:15,140,739,2,243,Tweet,(524396216579538944)
2014-10-21T03:31:24,3479,1482,43,28360,Retweet,(524402544961798145)
2014-10-21T04:07:18,247,1999,3,9362,Tweet,(524411582001184768)
2014-10-21T04:40:25,3602,2761,17,310182,Retweet,(524419916099624964)
2014-10-21T05:00:36,1322,458,2,128175,Retweet,(524424992470347776)
2014-10-21T07:51:32,376,418,0,554,Tweet,(524468009230798848)
2014-10-21T10:12:08,0,0,0,4,Retweet,(524503391570259968)
2014-10-21T12:25:54,7,31,0,364,Retweet,(524537056291471360)
2014-10-21T13:32:17,1108,556,21,12289,Tweet,(524553763479384064)
2014-10-21T14:48:33,132,341,0,4631,Retweet,(524572956597686272)
2014-10-21T15:29:05,165,335,1,13618,Tweet,(524583157136244737)
2014-10-21T16:13:58,744,663,1,36954,Tweet,(524594451138609152)
2014-10-21T16:16:14,306,160,0,10955,Tweet,(524595022008942592)
2014-10-21T17:03:03,2509,2243,7,7071,Tweet,(524606805042020352)
2014-10-21T17:24:43,1066,943,2,59255,Retweet,(524612255141621760)
2014-10-21T17:27:39,3005,164,224,44528,Retweet,(524612996698750976)
2014-10-21T17:30:41,315,466,3,3693,Tweet,(524613757948133376)
2014-10-21T17:38:36,764,221,6,16988,Retweet,(524615750225764352)
2014-10-21T17:48:50,3950,2562,9,7428,Retweet,(524618324693774336)
2014-10-21T19:04:44,442,386,0,4843,Retweet,(524637424736296960)
2014-10-21T19:41:59,2358,1446,16,32397,Tweet,(524646801521901568)
2014-10-21T19:47:59,313,796,0,967,Retweet,(524648311475556352)
2014-10-21T20:22:19,69,160,0,250,Retweet,(524656949229797377)
2014-10-21T20:25:35,177,172,0,5197,Retweet,(524657771292393472)
2014-10-21T20:49:30,83,238,0,20421,Tweet,(524663790143406080)
2014-10-21T21:22:21,35,34,0,30,Reply,(524671860710338561)
2014-10-21T22:38:28,1073,1122,0,10276,Retweet,(524691216269856769)
2014-10-21T23:02:17,11243,8872,47,16835,Tweet,(524697206583205888)
2014-10-22T00:02:17,122,159,0,931,Reply,(524699748561715200)
2014-10-22T00:32:43,278,166,3,141253,Tweet,(524719965677436928)
2014-10-22T00:40:47,276,265,0,2731,Retweet,(524721994886295553)
2014-10-22T01:29:51,449,1217,20,13966,Retweet,(524734343336321025)
2014-10-22T01:43:18,224,65,8,38650,Tweet,(524737727716016129)
2014-10-22T02:37:24,188,228,0,465,Tweet,(524751344134258688)
2014-10-22T02:47:18,187,199,5,7301,Retweet,(524753834715779072)
2014-10-22T03:27:40,606,643,2,19649,Tweet,(524763994125778944)
2014-10-22T04:04:36,70,79,1,975,Retweet,(524773289126682626)
2014-10-22T04:39:26,185,267,0,2802,Retweet,(524782053989294080)
2014-10-22T04:56:52,148,251,0,323,Retweet,(524786443328421888)
2014-10-22T05:05:31,743,223,1,8470,Reply,(524787712596135936)
2014-10-22T07:23:51,0,0,0,348,Retweet,(524823431616135168)
2014-10-22T10:35:45,28,9,0,15155,Tweet,(524871723158482945)
2014-10-22T12:41:21,25,152,0,57,Tweet,(524903332704702464)
2014-10-22T12:56:29,742,600,1,8852,Retweet,(524907140293861376)
2014-10-22T13:28:30,722,455,2,11616,Tweet,(524915199221182464)
2014-10-22T13:59:11,406,181,0,7870,Retweet,(524922920519622657)
2014-10-22T14:05:00,1382,1795,11,46227,Tweet,(524924384763322368)
2014-10-22T14:14:54,167,80,0,44720,Retweet,(524926876566159360)
2014-10-22T15:21:07,654,668,2,1105,Tweet,(524943538875023360)
2014-10-22T15:33:14,1257,948,10,69364,Tweet,(524946588540485632)
2014-10-22T15:42:58,14572,14315,158,136824,Retweet,(524949036366057475)
2014-10-22T16:12:03,758,744,0,12950,Retweet,(524956356659675136)
2014-10-22T16:20:57,8,17,0,48,Retweet,(524958596447358977)
2014-10-22T16:28:33,136,131,0,3111,Tweet,(524960510283096064)
2014-10-22T17:28:45,353,1348,0,6501,Retweet,(524975659681320960)
2014-10-22T17:29:24,4,5,0,65514,Tweet,(524975824534253568)
2014-10-22T17:38:13,182,179,0,3428,Retweet,(524978042469236737)
2014-10-22T17:44:40,1793,961,1,67640,Retweet,(524979666504138753)
2014-10-22T17:50:46,1191,513,8,3234,Retweet,(524981201648775168)
2014-10-22T18:11:57,104,299,2,2167,Tweet,(524986530092564480)
2014-10-22T19:48:08,2744,17,14,70387,Tweet,(525010734556532736)
2014-10-22T20:20:32,292,250,2,48762,Tweet,(525018891244670977)
2014-10-22T20:27:19,243,210,0,1001,Retweet,(525020595369820160)
2014-10-22T20:46:38,64,57,1,498,Retweet,(525025459507978240)
2014-10-22T22:37:16,826,643,3,8891,Retweet,(525053301306716160)
2014-10-22T23:49:35,418,1755,1,15407,Reply,(525064691237015552)
2014-10-23T00:19:16,71,60,5,6301,Tweet,(525078970010595328)
2014-10-23T00:23:03,198,115,1,2636,Tweet,(525079922977812480)
2014-10-23T00:35:10,261,250,0,2380,Retweet,(525082969703448576)
2014-10-23T00:50:06,14,148,0,407,Tweet,(525086728642916352)
2014-10-23T02:01:23,290,668,1,2649,Retweet,(525104667676934144)
2014-10-23T07:17:57,91,219,2,421,Retweet,(525184334299668480)
2014-10-23T12:06:47,25,23,3,81,Tweet,(525257022824935424)
2014-10-23T13:18:38,588,2097,1,200,Retweet,(525275104897695744)
2014-10-23T13:23:07,1069,98,0,1017,Retweet,(525276231055732737)
2014-10-23T13:58:02,70,178,0,3190,Retweet,(525285018122588160)
2014-10-23T15:35:13,645,1501,15,4600,Retweet,(525309476401057792)
2014-10-23T15:41:45,80,108,0,1548,Tweet,(525311118852751360)
2014-10-23T16:45:00,162,152,0,2148,Retweet,(525327037083684865)
2014-10-23T18:10:47,312,606,3,1217,Tweet,(525348625183178753)
2014-10-23T19:50:53,592,394,3,7884,Tweet,(525373816579846146)
2014-10-23T20:08:27,10430,9028,11,25,Retweet,(525378238621974529)
2014-10-23T20:41:33,643,756,6,2282,Tweet,(525386566005690368)
2014-10-23T20:42:17,1307,1987,1,36799,Retweet,(525386753080057856)
2014-10-23T22:22:42,485,443,0,11864,Tweet,(525412020418777089)
2014-10-23T23:58:38,215,168,0,8979,Retweet,(525436164497756161)
2014-10-25T00:11:08,359,374,12,5602,Tweet,(525801697252110336)
2014-10-25T00:46:12,2,173,0,4080,Tweet,(525810523325997057)
2014-10-25T01:23:14,235,570,3,8396,Tweet,(525819843925524480)
2014-10-25T02:55:49,328,263,0,14322,Retweet,(525843141576753153)
2014-10-25T03:37:06,57,58,0,7514,Retweet,(525853530448347136)
2014-10-25T06:05:30,160,77,5,1264,Tweet,(525890877810806784)
2014-10-25T06:06:44,723,1268,0,25537,Reply,(525891149878145024)
2014-10-25T07:08:35,1873,2003,35,51567,Retweet,(525906754086117376)
2014-10-25T11:05:19,11521,50,214,21212,Retweet,(525966330391166976)
2014-10-25T12:30:24,362,668,16,9200,Retweet,(525987740622413824)
2014-10-25T12:54:17,111,405,4,382,Tweet,(525993753190756352)
2014-10-25T13:10:36,156,49,8,9294,Tweet,(525997855631101954)
2014-10-25T13:54:04,801,2003,17,169269,Tweet,(526008794799538176)
2014-10-25T15:12:45,243,332,2,1243,Tweet,(526028597753307136)
2014-10-25T16:15:06,1433,1251,3,32447,Tweet,(526044289508200448)
2014-10-25T16:50:46,64,98,0,2615,Retweet,(526053263654002688)
2014-10-25T17:34:53,301,317,2,6636,Retweet,(526064365540483072)
2014-10-25T17:35:04,4,7,0,7,Tweet,(526064413766193152)
2014-10-25T17:41:59,412,221,2,35241,Retweet,(526066153161252864)
2014-10-25T17:43:55,372,219,0,20696,Retweet,(526066640102752256)
2014-10-25T17:44:38,1484,1548,13,4809,Tweet,(526066821284122624)
2014-10-25T18:02:43,57853,4111,591,274268,Tweet,(526071371714285568)
2014-10-25T18:23:38,93,124,0,1424,Retweet,(526076635540619264)
2014-10-25T18:45:33,312,450,8,38587,Tweet,(526082151050002432)
2014-10-25T18:59:36,401,474,7,6770,Retweet,(526085686878015488)
2014-10-25T20:13:43,43,68,0,2212,Tweet,(526104336846159872)
2014-10-25T20:36:46,81,374,0,267,Tweet,(526110140093571072)
2014-10-25T20:41:40,295,491,0,7956,Retweet,(526111370669228034)
2014-10-25T20:50:30,3234,2851,3,16894,Retweet,(526113595361615872)
2014-10-25T22:26:36,240,142,0,6034,Retweet,(526137777583566848)
2014-10-25T23:08:41,779,2001,32,154368,Retweet,(526148369493000192)
2014-10-25T23:17:05,182,240,4,8287,Retweet,(526150482130374656)
2014-10-26T01:40:15,11,71,0,68,Retweet,(526186511625367552)
2014-10-26T01:57:25,177,204,0,1424,Retweet,(526190834291838976)
2014-10-26T02:08:42,73,12,0,4448,Retweet,(526193671301918722)
2014-10-26T03:15:46,155,2,4,64969,Tweet,(526210551727140864)
2014-10-26T04:44:50,501,1399,3,4103,Tweet,(526232964376850433)
2014-10-26T05:27:10,160,510,4,10976,Retweet,(526243617913184256)
2014-10-26T06:28:59,23,525,0,1869,Tweet,(526259176280842241)
2014-10-26T06:53:17,167,262,3,2418,Reply,(526259460667617280)
2014-10-26T09:33:42,180,179,0,4465,Retweet,(526305662591315968)
2014-10-26T09:56:21,14069,825,56,41853,Reply,(526311084224180225)
2014-10-26T11:06:16,409,861,9,2105,Retweet,(526328954404089856)
2014-10-26T13:20:14,452,302,31,49223,Retweet,(526362668211257344)
2014-10-26T13:23:00,189,670,0,3530,Tweet,(526363364063068160)
2014-10-26T14:02:23,2440,2403,7,18529,Retweet,(526373275614474243)
2014-10-26T14:28:27,132,38,0,16,Reply,(526173785003925504)
2014-10-26T14:36:37,13220,2600,101,30742,Tweet,(526381891960975360)
2014-10-26T15:25:12,70,60,0,797,Retweet,(526394117094649856)
2014-10-26T17:56:11,245,216,0,8279,Tweet,(526432115391733760)
2014-10-26T18:16:40,908,1428,23,25508,Retweet,(526437268094210049)
2014-10-26T18:18:43,10,10,0,18,Retweet,(526437786937999363)
2014-10-26T19:41:13,828,2000,4,14775,Retweet,(526458546238787585)
2014-10-26T19:47:19,117,219,1,389,Tweet,(526460083002408960)
2014-10-26T20:47:07,732,393,1,9133,Tweet,(526475132601368576)
2014-10-26T22:21:36,1259,1701,77,38281,Tweet,(526498910122950657)
2014-10-26T22:41:42,24149,26575,113,76523,Retweet,(526503968453963776)
